{
  "metadata": {
    "strategy_name": "trend_quality_ema_rsi_v2",
    "exit_mode": "fixed",
    "stop_loss_pct": 0.015,
    "take_profit_pct": 0.03,
    "atr_stop_loss_multiplier": 1.5,
    "atr_take_profit_multiplier": 3.0,
    "break_even_enabled": true,
    "break_even_trigger_atr_multiplier": 1.5
  },
  "metrics": {
    "net_profit": -140.93032032138944,
    "total_return_pct": -1.4093032032138944,
    "cagr_pct": -0.7086825215641079,
    "win_rate_pct": 19.047619047619047,
    "profit_factor": 0.9128019663304076,
    "sharpe_ratio": -0.13176988866644843,
    "maximum_drawdown_pct": 7.995477837967179,
    "average_win": 184.40994035538614,
    "average_loss": -47.53558362248446,
    "largest_win": 190.82047900584695,
    "largest_loss": -112.46625812748336,
    "total_trades": 42,
    "long_trades": 19,
    "long_win_rate_pct": 10.526315789473683,
    "short_trades": 23,
    "short_win_rate_pct": 26.08695652173913,
    "average_holding_time": "0 days 10:18:34.285714285"
  }
}